id,dataset,question,ground_truth_answer,gemini_model,gemini_parsed_answer,gemini_raw_response,gemini_outcome
index_0,mmlu_clinical_knowledge,What size of cannula would you use in a patient who needed a rapid blood transfusion (as of 2020 medical knowledge)?,A,models/gemini-2.0-flash,A,A,Correct
index_1,mmlu_clinical_knowledge,The key attribute in successful marathon running is:,D,models/gemini-2.0-flash,D,D,Correct
index_2,mmlu_clinical_knowledge,Which of the following is the commonest cause of dementia in the UK?,A,models/gemini-2.0-flash,A,A,Correct
index_3,mmlu_clinical_knowledge,Which of the following is NOT a symptom of anaphylaxis?,B,models/gemini-2.0-flash,B,B,Correct
index_4,mmlu_clinical_knowledge,In what situation are closed pouches applied?,B,models/gemini-2.0-flash,B,B,Correct
index_5,mmlu_clinical_knowledge,With an increasing number of sprints the:,D,models/gemini-2.0-flash,D,D,Correct
index_6,mmlu_clinical_knowledge,Which of the following is true in diplopia?,B,models/gemini-2.0-flash,D,D,Incorrect
index_7,mmlu_clinical_knowledge,Sodium bicarbonate ingestion improves middle distance running performance by:,A,models/gemini-2.0-flash,A,A,Correct
index_8,mmlu_clinical_knowledge,Codons are composed of:,A,models/gemini-2.0-flash,A,A,Correct
index_9,mmlu_clinical_knowledge,Fatty acids are transported into the mitochondria bound to:,D,models/gemini-2.0-flash,D,D,Correct
index_10,mmlu_clinical_knowledge,Which of the answers below best indicates the compatible blood types that can be given to a person with a blood group B (rhesus negative)?,C,models/gemini-2.0-flash,C,C,Correct
index_11,mmlu_clinical_knowledge,Which of the following is true of a lower motor neurone lesion in the arm?,D,models/gemini-2.0-flash,D,D,Correct
index_12,mmlu_clinical_knowledge,Which of the following statements is false?,B,models/gemini-2.0-flash,D,D,Incorrect
index_13,mmlu_clinical_knowledge,Glycogen breakdown in muscle initially results in the formation of:,B,models/gemini-2.0-flash,B,B,Correct
index_14,mmlu_clinical_knowledge,The two principal contractile proteins found in skeletal muscle are:,B,models/gemini-2.0-flash,B,B,Correct
index_15,mmlu_clinical_knowledge,Which one of the following represents a IIIrd cranial nerve palsy and is a neurosurgical emergency?,C,models/gemini-2.0-flash,C,C,Correct
index_16,mmlu_clinical_knowledge,Which of the following is true about a thyroid swelling?,D,models/gemini-2.0-flash,D,D,Correct
index_17,mmlu_clinical_knowledge,Which of the following is true of hepatomegaly?,C,models/gemini-2.0-flash,C,C,Correct
index_18,mmlu_clinical_knowledge,Which of the following is true regarding reflexes?,C,models/gemini-2.0-flash,C,C,Correct
index_19,mmlu_clinical_knowledge,Which of the following is true of facial nerve palsy?,C,models/gemini-2.0-flash,C,C,Correct
index_20,mmlu_clinical_knowledge,What is a colles fracture?,D,models/gemini-2.0-flash,D,D,Correct
index_21,mmlu_clinical_knowledge,"If a transfusion reaction is suspected, you should:",A,models/gemini-2.0-flash,A,A,Correct
index_22,mmlu_clinical_knowledge,"Once a prescribed unit of blood product has been obtained from the blood bank and is out of refrigeration, the transfusion should commence within what period of time before it starts to deteriorate (as of 2020 medical knowledge)?",A,models/gemini-2.0-flash,C,C,Incorrect
index_23,mmlu_clinical_knowledge,Which of the following statements is true about informal carers (as of 2020)?,B,models/gemini-2.0-flash,B,B,Correct
index_24,mmlu_clinical_knowledge,Which of the following processes is not used to modify protein structure after translation has occurred?,B,models/gemini-2.0-flash,B,B,Correct
index_25,mmlu_clinical_knowledge,Why would you need to carry out a bladder washout for a patient at home?,B,models/gemini-2.0-flash,B,B,Correct
index_26,mmlu_clinical_knowledge,A 14-16 gauge needle is most likely to be used for:,D,models/gemini-2.0-flash,D,D,Correct
index_27,mmlu_clinical_knowledge,Which of these features suggest that a crackling sound is more likely due to a pleural friction rub than crackles?,A,models/gemini-2.0-flash,A,A,Correct
index_28,mmlu_clinical_knowledge,In games like soccer the blood lactate concentration:,B,models/gemini-2.0-flash,C,C,Incorrect
index_29,mmlu_clinical_knowledge,Lactate and hydrogen ions leave the muscle:,C,models/gemini-2.0-flash,C,C,Correct
index_30,mmlu_clinical_knowledge,Which of the following is true of the spine?,B,models/gemini-2.0-flash,B,B,Correct
index_31,mmlu_clinical_knowledge,Which of the following is true of psoriatic arthropathy?,D,models/gemini-2.0-flash,D,D,Correct
index_32,mmlu_clinical_knowledge,Which of the following is true of Graves Disease of the thyroid?,A,models/gemini-2.0-flash,A,A,Correct
index_33,mmlu_clinical_knowledge,Which of the following is true of calcium metabolism?,B,models/gemini-2.0-flash,B,B,Correct
index_34,mmlu_clinical_knowledge,Kinase reactions:,B,models/gemini-2.0-flash,B,B,Correct
index_35,mmlu_clinical_knowledge,The normal respiratory rate for an adult male is:,D,models/gemini-2.0-flash,D,D,Correct
index_36,mmlu_clinical_knowledge,Collagen fibres:,C,models/gemini-2.0-flash,C,C,Correct
index_37,mmlu_clinical_knowledge,Which of the following releases most energy when completely oxidised in the body?,B,models/gemini-2.0-flash,B,B,Correct
index_38,mmlu_clinical_knowledge,Embedded in the inner membrane of the mitochondrion are:,B,models/gemini-2.0-flash,B,B,Correct
index_39,mmlu_clinical_knowledge,"If the mean rate of oxygen consumption of a male athlete during a training session is 2 l/min, then his rate of energy expenditure is approximately:",D,models/gemini-2.0-flash,D,D,Correct
index_40,mmlu_clinical_knowledge,A normal heart rate for an adult at rest is:,B,models/gemini-2.0-flash,B,B,Correct
index_41,mmlu_clinical_knowledge,Which of the following statements is false?,D,models/gemini-2.0-flash,D,D,Correct
index_42,mmlu_clinical_knowledge,Which of the following is true in ulna nerve palsy?,C,models/gemini-2.0-flash,C,C,Correct
index_43,mmlu_clinical_knowledge,How much toothpaste is recommended for cleaning teeth?,B,models/gemini-2.0-flash,B,B,Correct
index_44,mmlu_clinical_knowledge,Which of the following is true about Cushing's Syndrome?,D,models/gemini-2.0-flash,D,D,Correct
index_45,mmlu_clinical_knowledge,The main factors determining success in sport are:,D,models/gemini-2.0-flash,D,D,Correct
index_46,mmlu_clinical_knowledge,"In a double stranded molecule of DNA, the ratio of purines : pyrimidines is:",D,models/gemini-2.0-flash,D,D,Correct
index_47,mmlu_clinical_knowledge,Performance enhancing synthetic steroids are based on the structure of the hormone:,A,models/gemini-2.0-flash,A,A,Correct
index_48,mmlu_clinical_knowledge,Glycogen breakdown in exercising muscle is activated by:,D,models/gemini-2.0-flash,D,D,Correct
index_49,mmlu_clinical_knowledge,Most of the free fatty acids are transported in the blood:,D,models/gemini-2.0-flash,D,D,Correct
index_50,mmlu_clinical_knowledge,How often should a cannula be flushed?,C,models/gemini-2.0-flash,A,A,Incorrect
index_51,mmlu_clinical_knowledge,The activity of creatine kinase is:,A,models/gemini-2.0-flash,A,A,Correct
index_52,mmlu_clinical_knowledge,The smallest increments on a mercury and aneroid sphygmomanometer measure are:,C,models/gemini-2.0-flash,C,C,Correct
index_53,mmlu_clinical_knowledge,Which of the following is not an abnormal breathing pattern seen in head injury and altered conscious level?,B,models/gemini-2.0-flash,B,B,Correct
index_54,mmlu_clinical_knowledge,During CPR chest compressions and ventilations should be delivered in a ratio of:,D,models/gemini-2.0-flash,D,D,Correct
index_55,mmlu_clinical_knowledge,A person weighs 62 kg. Their drug dose is 15 mg/kg. How many grams is their dose? Choose one answer from the following:,D,models/gemini-2.0-flash,D,D,Correct
index_56,mmlu_clinical_knowledge,An expected side effect of creatine supplementation is:,B,models/gemini-2.0-flash,B,B,Correct
index_57,mmlu_clinical_knowledge,The cardiac cycle consists of the phases:,C,models/gemini-2.0-flash,C,C,Correct
index_58,mmlu_clinical_knowledge,Which of the following factors does not influence success in sport?,D,models/gemini-2.0-flash,D,D,Correct
index_59,mmlu_clinical_knowledge,The chain of survival has four links. Put the following list in the correct order: 1. Early defibrillation; 2. Early CPR; 3. Recognition and call for help early; 4. Post-resuscitation care.,B,models/gemini-2.0-flash,B,B,Correct
index_60,mmlu_clinical_knowledge,A fundamental cause of fatigue in high intensity exercise is:,C,models/gemini-2.0-flash,C,C,Correct
index_61,mmlu_clinical_knowledge,Which of the following is true about possible rectal findings?,B,models/gemini-2.0-flash,B,B,Correct
index_62,mmlu_clinical_knowledge,What commonly causes skin excoriation?,C,models/gemini-2.0-flash,C,C,Correct
index_63,mmlu_clinical_knowledge,Which of the following is true of Systemic Sclerosis?,D,models/gemini-2.0-flash,D,D,Correct
index_64,mmlu_clinical_knowledge,A palpable left parasternal impulse suggests which abnormality?,A,models/gemini-2.0-flash,A,A,Correct
index_65,mmlu_clinical_knowledge,"In hypovolaemic shock, what percentage of blood can be lost before it is reflected in changes in heart rate and blood pressure?",D,models/gemini-2.0-flash,C,C,Incorrect
index_66,mmlu_clinical_knowledge,Which of the following best describes the effects of morphine?,B,models/gemini-2.0-flash,B,B,Correct
index_67,mmlu_clinical_knowledge,Which of the following is true of headache?,D,models/gemini-2.0-flash,D,D,Correct
index_68,mmlu_clinical_knowledge,Between contractions of the left ventricle the blood continues to flow through the vessels because:,D,models/gemini-2.0-flash,D,D,Correct
index_69,mmlu_clinical_knowledge,What might make the nurse think a patient could not use an inhaler?,D,models/gemini-2.0-flash,D,D,Correct
index_70,mmlu_clinical_knowledge,Removal of adhesive strips:,A,models/gemini-2.0-flash,A,A,Correct
index_71,mmlu_clinical_knowledge,"During CPR, chest compressions should be delivered at a rate of:",C,models/gemini-2.0-flash,C,C,Correct
index_72,mmlu_clinical_knowledge,Which of the following physiological characteristics is not important for success in endurance events such as the marathon race?,D,models/gemini-2.0-flash,D,D,Correct
index_73,mmlu_clinical_knowledge,"When using an inhaler, when should a patient be asked to rinse their mouth?",D,models/gemini-2.0-flash,D,D,Correct
index_74,mmlu_clinical_knowledge,Muscle lactate production increases when:,D,models/gemini-2.0-flash,D,D,Correct
index_75,mmlu_clinical_knowledge,What is the minimum time a stretch should be held for?,B,models/gemini-2.0-flash,B,B,Correct
index_76,mmlu_clinical_knowledge,What three factors regulate stroke volume?,B,models/gemini-2.0-flash,B,B,Correct
index_77,mmlu_clinical_knowledge,Name the bones of the middle finger in the correct order from the hand.,A,models/gemini-2.0-flash,A,A,Correct
index_78,mmlu_clinical_knowledge,Which of the following promotes glucose and amino acid uptake by muscle?,B,models/gemini-2.0-flash,B,B,Correct
index_79,mmlu_clinical_knowledge,An ileostomy opening should be:,B,models/gemini-2.0-flash,A,A,Incorrect
index_80,mmlu_clinical_knowledge,Which of the following would not be done before catheterizing?,D,models/gemini-2.0-flash,D,D,Correct
index_81,mmlu_clinical_knowledge,Hydrogen ions are formed when:,D,models/gemini-2.0-flash,C,C,Incorrect
index_82,mmlu_clinical_knowledge,Which one of the following manoeuvres is not a central painful stimulus?,B,models/gemini-2.0-flash,B,B,Correct
index_83,mmlu_clinical_knowledge,"Dopamine is prescribed at a rate of 4 micrograms/kg/min. For a 65 kg person, how many milligrams will they receive in an hour?",B,models/gemini-2.0-flash,A,A,Incorrect
index_84,mmlu_clinical_knowledge,Which of the following is true about the rectal examination?,D,models/gemini-2.0-flash,D,D,Correct
index_85,mmlu_clinical_knowledge,Why can't a patient talk if the cuff is inflated?,D,models/gemini-2.0-flash,D,D,Correct
index_86,mmlu_clinical_knowledge,Wound drainage should be assessed for volume and consistency:,A,models/gemini-2.0-flash,A,A,Correct
index_87,mmlu_clinical_knowledge,Creatine is synthesized from:,B,models/gemini-2.0-flash,B,B,Correct
index_88,mmlu_clinical_knowledge,"If a catheter resists all attempts to unblock it and you are unable to remove it, what should you do?",D,models/gemini-2.0-flash,D,D,Correct
index_89,mmlu_clinical_knowledge,Bladder washout solution should be:,D,models/gemini-2.0-flash,D,D,Correct
index_90,mmlu_clinical_knowledge,"When developing a plan of care relating to the management of a person's pain, attention should be given to the following needs:",C,models/gemini-2.0-flash,C,C,Correct
index_91,mmlu_clinical_knowledge,Patients with the apolipoprotein E gene are at risk of which disease?,C,models/gemini-2.0-flash,C,C,Correct
index_92,mmlu_clinical_knowledge,Which of the following groups of drugs may cause a dry mouth?,C,models/gemini-2.0-flash,C,C,Correct
index_93,mmlu_clinical_knowledge,Which of the following is not a true statement?,D,models/gemini-2.0-flash,D,D,Correct
index_94,mmlu_clinical_knowledge,"If a patient is cyanosed, what might their oxygen saturation level be?",C,models/gemini-2.0-flash,C,C,Correct
index_95,mmlu_clinical_knowledge,When assessing a patient's breathing:,C,models/gemini-2.0-flash,C,C,Correct
index_96,mmlu_clinical_knowledge,A person is prescribed Ropinirole 1.5 mg divided into three doses. How many micrograms is each dose? Choose one answer from the following:,D,models/gemini-2.0-flash,D,D,Correct
index_97,mmlu_clinical_knowledge,Which of the following is thought to be implicated in the development of peripheral muscle fatigue during multiple sprint activities?,A,models/gemini-2.0-flash,A,A,Correct
index_98,mmlu_clinical_knowledge,The ATP store in muscle can only supply energy in high intensity exercise for about:,B,models/gemini-2.0-flash,C,C,Incorrect
index_99,mmlu_clinical_knowledge,960 mg of the antibacterial drug Cotrimoxazole is prescribed every 12 hours. What is the daily dose in grams? Choose one answer from the following:,B,models/gemini-2.0-flash,B,B,Correct
