id,dataset,question,ground_truth_answer,vertex_gemma_model,vertex_gemma_parsed_answer,vertex_gemma_raw_response,vertex_gemma_outcome
index_0,mmlu_clinical_knowledge,What size of cannula would you use in a patient who needed a rapid blood transfusion (as of 2020 medical knowledge)?,A,vertex-7050478675136872448,A,"Prompt:
Respond ONLY with the single letter (A, B, C, or D). No explanation, just the letter.

Question: What size of cannula would you use in a patient who needed a rapid blood transfusion (as of 2020 medical knowledge)?

Options:
A. 18 gauge.
B. 20 gauge.
C. 22 gauge.
D. 24 gauge.
Output:
Choose the correct answer.
A",Correct
index_1,mmlu_clinical_knowledge,The key attribute in successful marathon running is:,D,vertex-7050478675136872448,D,"Prompt:
Respond ONLY with the single letter (A, B, C, or D). No explanation, just the letter.

Question: The key attribute in successful marathon running is:

Options:
A. strength.
B. power.
C. stride length.
D. stamina.
Output:
Answer: D",Correct
index_2,mmlu_clinical_knowledge,Which of the following is the commonest cause of dementia in the UK?,A,vertex-7050478675136872448,A,"Prompt:
Respond ONLY with the single letter (A, B, C, or D). No explanation, just the letter.

Question: Which of the following is the commonest cause of dementia in the UK?

Options:
A. Alzheimer's disease.
B. Cerebrovascular (stroke) disease.
C. Lewy body dementia.
D. HIV infection.
Output:
Answer: A",Correct
index_3,mmlu_clinical_knowledge,Which of the following is NOT a symptom of anaphylaxis?,B,vertex-7050478675136872448,B,"Prompt:
Respond ONLY with the single letter (A, B, C, or D). No explanation, just the letter.

Question: Which of the following is NOT a symptom of anaphylaxis?

Options:
A. Stridor.
B. Bradycardia.
C. Severe wheeze.
D. Rash.
Output:
Answer: B",Correct
index_4,mmlu_clinical_knowledge,In what situation are closed pouches applied?,B,vertex-7050478675136872448,B,"Prompt:
Respond ONLY with the single letter (A, B, C, or D). No explanation, just the letter.

Question: In what situation are closed pouches applied?

Options:
A. The patient has a semi-formed or liquid output.
B. The patient has a colostomy.
C. In the immediate post-operative period.
D. The patient has a urostomy.
Output:
Answer: B",Correct
index_5,mmlu_clinical_knowledge,With an increasing number of sprints the:,D,vertex-7050478675136872448,D,"Prompt:
Respond ONLY with the single letter (A, B, C, or D). No explanation, just the letter.

Question: With an increasing number of sprints the:

Options:
A. anaerobic contribution progressively increases.
B. pH of the muscle falls below 6.0.
C. blood glucose concentration falls below 3 mmol/L.
D. relative contribution of aerobic metabolism increases.
Output:
Answer: D",Correct
index_6,mmlu_clinical_knowledge,Which of the following is true in diplopia?,B,vertex-7050478675136872448,A,"Prompt:
Respond ONLY with the single letter (A, B, C, or D). No explanation, just the letter.

Question: Which of the following is true in diplopia?

Options:
A. Diplopia can never occur if one eye is covered
B. The outer image is always the false image
C. A fourth nerve palsy occurs when the patient looks upwards
D. A sixth nerve palsy causes a divergent squint
Output:
ANSWER: C",Incorrect
index_7,mmlu_clinical_knowledge,Sodium bicarbonate ingestion improves middle distance running performance by:,A,vertex-7050478675136872448,A,"Prompt:
Respond ONLY with the single letter (A, B, C, or D). No explanation, just the letter.

Question: Sodium bicarbonate ingestion improves middle distance running performance by:

Options:
A. elevating the pH and buffering capacity of the extracellular fluid allowing a faster efflux of hydrogen ions from muscle.
B. reducing the pH and buffering capacity of the extracellular fluid allowing a faster efflux of hydrogen ions from muscle.
C. elevating the pH and buffering capacity of the extracellular fluid allowing a faster influx of hydrogen ions into muscle.
D. elevating the pre-exercise muscle pH.
Output:
Answer: A",Correct
index_8,mmlu_clinical_knowledge,Codons are composed of:,A,vertex-7050478675136872448,A,"Prompt:
Respond ONLY with the single letter (A, B, C, or D). No explanation, just the letter.

Question: Codons are composed of:

Options:
A. triplet sequences of nucleotide bases in mRNA or DNA .
B. quadruplet sequences of nucleotide bases in mRNA or DNA.
C. triplet sequences of amino acids in polypeptide chains.
D. triplet sequences of deoxyribose sugars in DNA.
Output:
Answer: A",Correct
index_9,mmlu_clinical_knowledge,Fatty acids are transported into the mitochondria bound to:,D,vertex-7050478675136872448,D,"Prompt:
Respond ONLY with the single letter (A, B, C, or D). No explanation, just the letter.

Question: Fatty acids are transported into the mitochondria bound to:

Options:
A. thiokinase.
B. coenzyme A (CoA).
C. acetyl-CoA.
D. carnitine.
Output:
Answer: D",Correct
index_10,mmlu_clinical_knowledge,Which of the answers below best indicates the compatible blood types that can be given to a person with a blood group B (rhesus negative)?,C,vertex-7050478675136872448,A,"Prompt:
Respond ONLY with the single letter (A, B, C, or D). No explanation, just the letter.

Question: Which of the answers below best indicates the compatible blood types that can be given to a person with a blood group B (rhesus negative)?

Options:
A. Blood type AB (rhesus negative), blood type B, and blood type O (rhesus negative).
B. Blood type B (rhesus positive) and blood type O (rhesus positive).
C. Blood type B (rhesus negative) and blood type O (rhesus negative).
D. Blood type B (rhesus negative) only.
Output:
E. Blood type A (rhesus negative) and blood type AB (r",Incorrect
index_11,mmlu_clinical_knowledge,Which of the following is true of a lower motor neurone lesion in the arm?,D,vertex-7050478675136872448,D,"Prompt:
Respond ONLY with the single letter (A, B, C, or D). No explanation, just the letter.

Question: Which of the following is true of a lower motor neurone lesion in the arm?

Options:
A. It leads to increased tone in the arm (hypertonia)
B. Fasciculations are never seen
C. The reflexes are brisk
D. An ulna nerve palsy is an example of a lower motor neurone lesion
Output:
Answer:
D",Correct
index_12,mmlu_clinical_knowledge,Which of the following statements is false?,B,vertex-7050478675136872448,A,"Prompt:
Respond ONLY with the single letter (A, B, C, or D). No explanation, just the letter.

Question: Which of the following statements is false?

Options:
A. Ammonia is produced in repeated high intensity exercise.
B. Muscle lactate accumulation does not begin until at least 5 seconds of intermittent muscle contractions have taken place.
C. Muscle phosphocreatine depletion begins in the first few seconds of high intensity exercise.
D. With an increasing number of repeated sprints the rate of accumulation of lactate in muscle declines.
Output:
Question:

A",Incorrect
index_13,mmlu_clinical_knowledge,Glycogen breakdown in muscle initially results in the formation of:,B,vertex-7050478675136872448,B,"Prompt:
Respond ONLY with the single letter (A, B, C, or D). No explanation, just the letter.

Question: Glycogen breakdown in muscle initially results in the formation of:

Options:
A. glucose.
B. glucose-1-phosphate.
C. glucose-6-phosphate.
D. glucose-1,6-diphosphate.
Output:
Answer: B",Correct
index_14,mmlu_clinical_knowledge,The two principal contractile proteins found in skeletal muscle are:,B,vertex-7050478675136872448,A,"Prompt:
Respond ONLY with the single letter (A, B, C, or D). No explanation, just the letter.

Question: The two principal contractile proteins found in skeletal muscle are:

Options:
A. actin and troponin.
B. actin and myosin.
C. troponin and tropomyosin.
D. myosin and tropomyosin.
Output:
E. titin and nebulin.

A",Incorrect
index_15,mmlu_clinical_knowledge,Which one of the following represents a IIIrd cranial nerve palsy and is a neurosurgical emergency?,C,vertex-7050478675136872448,C,"Prompt:
Respond ONLY with the single letter (A, B, C, or D). No explanation, just the letter.

Question: Which one of the following represents a IIIrd cranial nerve palsy and is a neurosurgical emergency?

Options:
A. Unilateral constricted pupil.
B. Bilateral constricted pupils.
C. Unilateral fixed dilated pupil.
D. Oval shaped pupils.
Output:
Answer: C",Correct
index_16,mmlu_clinical_knowledge,Which of the following is true about a thyroid swelling?,D,vertex-7050478675136872448,A,"Prompt:
Respond ONLY with the single letter (A, B, C, or D). No explanation, just the letter.

Question: Which of the following is true about a thyroid swelling?

Options:
A. It always elevates on swallowing
B. Lymph node enlargement is a good prognostic sign
C. An ultrasound of the swelling is the best test to determine whether the nodule is actively secreting hormone
D. A functioning nodule on isotope scanning is unlikely to be due to cancer
Output:
Answer: A",Incorrect
index_17,mmlu_clinical_knowledge,Which of the following is true of hepatomegaly?,C,vertex-7050478675136872448,C,"Prompt:
Respond ONLY with the single letter (A, B, C, or D). No explanation, just the letter.

Question: Which of the following is true of hepatomegaly?

Options:
A. Emphysema is a cause
B. The liver enlarges downwards from the left hypochondrium
C. The presence of jaundice, spider naevi and purpura suggest alcohol as a cause
D. The liver is usually resonant to percussion
Output:
Answer: C",Correct
index_18,mmlu_clinical_knowledge,Which of the following is true regarding reflexes?,C,vertex-7050478675136872448,C,"Prompt:
Respond ONLY with the single letter (A, B, C, or D). No explanation, just the letter.

Question: Which of the following is true regarding reflexes?

Options:
A. A positive babinski reflex is the same as a normal flexor response in the assessment of the plantar reflex
B. An extensor plantar response indicates a lower motor neurone lesion
C. The root value of the ankle reflex is S1
D. The root value of the knee reflex is L1, L2
Output:
Answer: C",Correct
index_19,mmlu_clinical_knowledge,Which of the following is true of facial nerve palsy?,C,vertex-7050478675136872448,C,"Prompt:
Respond ONLY with the single letter (A, B, C, or D). No explanation, just the letter.

Question: Which of the following is true of facial nerve palsy?

Options:
A. Bells palsy is another term for an upper motor neurone lesion
B. Ramsay Hunt Syndrome is an upper motor neurone lesion secondary to a Herpes Zoster infection
C. An inability to close the eyelid on the paralysed side indicates a lower motor neurone lesion
D. In Bell's Palsy the sense of taste is never affected
Output:
Answer: C",Correct
index_20,mmlu_clinical_knowledge,What is a colles fracture?,D,vertex-7050478675136872448,B,"Prompt:
Respond ONLY with the single letter (A, B, C, or D). No explanation, just the letter.

Question: What is a colles fracture?

Options:
A. Hand fracture.
B. Elbow fracture.
C. Finger fracture.
D. Fracture of the radius and ulna at the wrist.
Output:
Answer: B",Incorrect
index_21,mmlu_clinical_knowledge,"If a transfusion reaction is suspected, you should:",A,vertex-7050478675136872448,A,"Prompt:
Respond ONLY with the single letter (A, B, C, or D). No explanation, just the letter.

Question: If a transfusion reaction is suspected, you should:

Options:
A. turn off the transfusion, inform medical staff immediately, and follow transfusion policy advice on dealing with acute transfusion reactions.
B. leave the transfusion running and contact the medical staff immediately.
C. disconnect and dispose of the blood bag immediately.
D. leave the transfusion running and record a set of observations on the patient.
Output:
Answer: A
```

A
```",Correct
index_22,mmlu_clinical_knowledge,"Once a prescribed unit of blood product has been obtained from the blood bank and is out of refrigeration, the transfusion should commence within what period of time before it starts to deteriorate (as of 2020 medical knowledge)?",A,vertex-7050478675136872448,A,"Prompt:
Respond ONLY with the single letter (A, B, C, or D). No explanation, just the letter.

Question: Once a prescribed unit of blood product has been obtained from the blood bank and is out of refrigeration, the transfusion should commence within what period of time before it starts to deteriorate (as of 2020 medical knowledge)?

Options:
A. 30 minutes.
B. 90 minutes.
C. 4 hours.
D. 12 hours.
Output:
Answer: A",Correct
index_23,mmlu_clinical_knowledge,Which of the following statements is true about informal carers (as of 2020)?,B,vertex-7050478675136872448,B,"Prompt:
Respond ONLY with the single letter (A, B, C, or D). No explanation, just the letter.

Question: Which of the following statements is true about informal carers (as of 2020)?

Options:
A. 50% of over 65s are providing informal care.
B. One in six over 65s is providing some form of informal care.
C. Informal carers should not be included in discharge planning.
D. The majority of informal carers are fit and active.
Output:
Answer: B",Correct
index_24,mmlu_clinical_knowledge,Which of the following processes is not used to modify protein structure after translation has occurred?,B,vertex-7050478675136872448,B,"Prompt:
Respond ONLY with the single letter (A, B, C, or D). No explanation, just the letter.

Question: Which of the following processes is not used to modify protein structure after translation has occurred?

Options:
A. Lipidation.
B. Attachment of more amino acids via peptide bonds.
C. Glycosylation.
D. Phosphorylation.
Output:
Answer: B",Correct
index_25,mmlu_clinical_knowledge,Why would you need to carry out a bladder washout for a patient at home?,B,vertex-7050478675136872448,C,"Prompt:
Respond ONLY with the single letter (A, B, C, or D). No explanation, just the letter.

Question: Why would you need to carry out a bladder washout for a patient at home?

Options:
A. When their urine is clear.
B. When the catheter is blocked.
C. When the catheter is bypassing.
D. When the catheter is dirty.
Output:
Answer: C",Incorrect
index_26,mmlu_clinical_knowledge,A 14-16 gauge needle is most likely to be used for:,D,vertex-7050478675136872448,C,"Prompt:
Respond ONLY with the single letter (A, B, C, or D). No explanation, just the letter.

Question: A 14-16 gauge needle is most likely to be used for:

Options:
A. children.
B. elderly patients.
C. inserting in the back of the hand.
D. trauma or burns patients.
Output:
Answer: C",Incorrect
index_27,mmlu_clinical_knowledge,Which of these features suggest that a crackling sound is more likely due to a pleural friction rub than crackles?,A,vertex-7050478675136872448,A,"Prompt:
Respond ONLY with the single letter (A, B, C, or D). No explanation, just the letter.

Question: Which of these features suggest that a crackling sound is more likely due to a pleural friction rub than crackles?

Options:
A. More prominent in expiration
B. Alters with coughing
C. No pain over the area
D. Clubbing
Output:
Answer: A",Correct
index_28,mmlu_clinical_knowledge,In games like soccer the blood lactate concentration:,B,vertex-7050478675136872448,C,"Prompt:
Respond ONLY with the single letter (A, B, C, or D). No explanation, just the letter.

Question: In games like soccer the blood lactate concentration:

Options:
A. rarely increases above 3 mM.
B. is usually lower at the end of the game than at the end of the first half.
C. is usually higher at the end of the game than at the end of the first half.
D. increases throughout the course of the game as the players become more fatigued.
Output:
Answer: C",Incorrect
index_29,mmlu_clinical_knowledge,Lactate and hydrogen ions leave the muscle:,C,vertex-7050478675136872448,A,"Prompt:
Respond ONLY with the single letter (A, B, C, or D). No explanation, just the letter.

Question: Lactate and hydrogen ions leave the muscle:

Options:
A. via a cotransport mechanism with carnosine.
B. via an active transport mechanism.
C. via a protein transporter molecule.
D. by simple diffusion.
Output:
Answer: A",Incorrect
index_30,mmlu_clinical_knowledge,Which of the following is true of the spine?,B,vertex-7050478675136872448,B,"Prompt:
Respond ONLY with the single letter (A, B, C, or D). No explanation, just the letter.

Question: Which of the following is true of the spine?

Options:
A. Back pain is an uncommon complaint
B. Schober's test is designed to quantify the flexion of the lumbar spine
C. Ankylosing spondylitis is a cause of hypermobility of the spine
D. Pregnancy is a cause of loss of lordosis of the lumbar spine
Output:
Answer: B",Correct
index_31,mmlu_clinical_knowledge,Which of the following is true of psoriatic arthropathy?,D,vertex-7050478675136872448,A,"Prompt:
Respond ONLY with the single letter (A, B, C, or D). No explanation, just the letter.

Question: Which of the following is true of psoriatic arthropathy?

Options:
A. The absence of plaques of psoriasis excludes the diagnosis
B. The diagnosis can be confirmed by a blood marker
C. Tophi can sometimes be seen over affected joints
D. Nail pitting may give a clue to the diagnosis
Output:
Question: Which of the following is typically the most common initial presentation of psori",Incorrect
index_32,mmlu_clinical_knowledge,Which of the following is true of Graves Disease of the thyroid?,A,vertex-7050478675136872448,A,"Prompt:
Respond ONLY with the single letter (A, B, C, or D). No explanation, just the letter.

Question: Which of the following is true of Graves Disease of the thyroid?

Options:
A. It is a cause of ophthalmoplegia
B. It causes a large multi-nodular goitre
C. It is commoner in males than females
D. In the past, Grave's disease sometimes caused 'Derbyshire Neck'
Output:
Answer: A",Correct
index_33,mmlu_clinical_knowledge,Which of the following is true of calcium metabolism?,B,vertex-7050478675136872448,A,"Prompt:
Respond ONLY with the single letter (A, B, C, or D). No explanation, just the letter.

Question: Which of the following is true of calcium metabolism?

Options:
A. Calcitonin causes a rise in plasma calcium
B. Primary hyperparathyroidism is usually asymptomatic
C. Vitamin D is secreted by the parathyroid glands
D. Oliguria is a symptom of hypercalcaemia
Output:
Answer: A",Incorrect
index_34,mmlu_clinical_knowledge,Kinase reactions:,B,vertex-7050478675136872448,B,"Prompt:
Respond ONLY with the single letter (A, B, C, or D). No explanation, just the letter.

Question: Kinase reactions:

Options:
A. inhibit ATP breakdown.
B. involve the addition or removal of a phosphate group.
C. involve the addition or removal of a ketone group.
D. involve the addition or removal of an amino acid to a polypeptide chain.
Output:
Answer: B",Correct
index_35,mmlu_clinical_knowledge,The normal respiratory rate for an adult male is:,D,vertex-7050478675136872448,B,"Prompt:
Respond ONLY with the single letter (A, B, C, or D). No explanation, just the letter.

Question: The normal respiratory rate for an adult male is:

Options:
A. 10-12 breaths per minute.
B. 8-10 breaths per minute.
C. 20-22 breaths per minute.
D. 14-16 breaths per minute.
Output:
Answer: B",Incorrect
index_36,mmlu_clinical_knowledge,Collagen fibres:,C,vertex-7050478675136872448,A,"Prompt:
Respond ONLY with the single letter (A, B, C, or D). No explanation, just the letter.

Question: Collagen fibres:

Options:
A. are re-established in the first five days of wound healing.
B. provide a bridge across the surface of a wound.
C. take some time to re-establish.
D. are not needed if a wound is healing by primary intention.
Output:
Answer: A",Incorrect
index_37,mmlu_clinical_knowledge,Which of the following releases most energy when completely oxidised in the body?,B,vertex-7050478675136872448,A,"Prompt:
Respond ONLY with the single letter (A, B, C, or D). No explanation, just the letter.

Question: Which of the following releases most energy when completely oxidised in the body?

Options:
A. One gram of glucose
B. One gram of palmitic acid
C. One gram of leucine
D. One gram of alcohol
Output:
Answer: A",Incorrect
index_38,mmlu_clinical_knowledge,Embedded in the inner membrane of the mitochondrion are:,B,vertex-7050478675136872448,B,"Prompt:
Respond ONLY with the single letter (A, B, C, or D). No explanation, just the letter.

Question: Embedded in the inner membrane of the mitochondrion are:

Options:
A. the enzymes of the tricarboxylic acid cycle (Krebs' cycle).
B. the components of the electron transport chain.
C. glycogen molecules.
D. triacylglycerol molecules.
Output:
Answer: B",Correct
index_39,mmlu_clinical_knowledge,"If the mean rate of oxygen consumption of a male athlete during a training session is 2 l/min, then his rate of energy expenditure is approximately:",D,vertex-7050478675136872448,A,"Prompt:
Respond ONLY with the single letter (A, B, C, or D). No explanation, just the letter.

Question: If the mean rate of oxygen consumption of a male athlete during a training session is 2 l/min, then his rate of energy expenditure is approximately:

Options:
A. 400 kJ/min.
B. 200 kJ/min.
C. 80 kJ/min.
D. 40 kJ/min.
Output:
Answer: A",Incorrect
index_40,mmlu_clinical_knowledge,A normal heart rate for an adult at rest is:,B,vertex-7050478675136872448,A,"Prompt:
Respond ONLY with the single letter (A, B, C, or D). No explanation, just the letter.

Question: A normal heart rate for an adult at rest is:

Options:
A. 60-80 bpm.
B. 60-100 bpm.
C. 60-90 bpm.
D. 60-110 bpm.
Output:
ANSWER: A",Incorrect
index_41,mmlu_clinical_knowledge,Which of the following statements is false?,D,vertex-7050478675136872448,C,"Prompt:
Respond ONLY with the single letter (A, B, C, or D). No explanation, just the letter.

Question: Which of the following statements is false?

Options:
A. Phosphofructokinase is the rate limiting enzyme in glycolysis.
B. Phosphorylase activity is higher in Type II fibres than in Type I fibres.
C. Endurance training increases the amount of TCA cycle enzymes in muscle.
D. Oxygen is consumed in the TCA cycle.
Output:
Answer: C",Incorrect
index_42,mmlu_clinical_knowledge,Which of the following is true in ulna nerve palsy?,C,vertex-7050478675136872448,C,"Prompt:
Respond ONLY with the single letter (A, B, C, or D). No explanation, just the letter.

Question: Which of the following is true in ulna nerve palsy?

Options:
A. The ulna nerve can be affected by a fracture of the spiral groove of the humerus
B. It gives rise to a positive phalen's sign
C. It leads to loss of sensation over the medial half of the hand and medial one and a half digits on both palmar and dorsal aspects of the hand
D. It supplies the biceps muscles
Output:
Answer: C",Correct
index_43,mmlu_clinical_knowledge,How much toothpaste is recommended for cleaning teeth?,B,vertex-7050478675136872448,A,"Prompt:
Respond ONLY with the single letter (A, B, C, or D). No explanation, just the letter.

Question: How much toothpaste is recommended for cleaning teeth?

Options:
A. A smear.
B. A pea-sized amount.
C. The length of the toothbrush.
D. Half an inch.
Output:
Answer: A",Incorrect
index_44,mmlu_clinical_knowledge,Which of the following is true about Cushing's Syndrome?,D,vertex-7050478675136872448,D,"Prompt:
Respond ONLY with the single letter (A, B, C, or D). No explanation, just the letter.

Question: Which of the following is true about Cushing's Syndrome?

Options:
A. It is due to a deficiency of cortisol hormone
B. Enlarged extremities are commonly seen
C. Osteoporosis is not a feature
D. A moon face and a buffalo hump are characteristic of the disease
Output:
Correct Answer: D",Correct
index_45,mmlu_clinical_knowledge,The main factors determining success in sport are:,D,vertex-7050478675136872448,D,"Prompt:
Respond ONLY with the single letter (A, B, C, or D). No explanation, just the letter.

Question: The main factors determining success in sport are:

Options:
A. a high energy diet and large appetite.
B. high intelligence and motivation to succeed.
C. a good coach and the motivation to succeed.
D. innate ability and the capacity to respond to the training stimulus.
Output:
Answer: D",Correct
index_46,mmlu_clinical_knowledge,"In a double stranded molecule of DNA, the ratio of purines : pyrimidines is:",D,vertex-7050478675136872448,D,"Prompt:
Respond ONLY with the single letter (A, B, C, or D). No explanation, just the letter.

Question: In a double stranded molecule of DNA, the ratio of purines : pyrimidines is:

Options:
A. variable.
B. determined by the base sequence in RNA.
C. genetically determined.
D. always 1:1.
Output:
Answer: D",Correct
index_47,mmlu_clinical_knowledge,Performance enhancing synthetic steroids are based on the structure of the hormone:,A,vertex-7050478675136872448,A,"Prompt:
Respond ONLY with the single letter (A, B, C, or D). No explanation, just the letter.

Question: Performance enhancing synthetic steroids are based on the structure of the hormone:

Options:
A. testosterone.
B. cortisol.
C. progesterone.
D. aldosterone.
Output:
Answer: A",Correct
index_48,mmlu_clinical_knowledge,Glycogen breakdown in exercising muscle is activated by:,D,vertex-7050478675136872448,A,"Prompt:
Respond ONLY with the single letter (A, B, C, or D). No explanation, just the letter.

Question: Glycogen breakdown in exercising muscle is activated by:

Options:
A. insulin.
B. cortisol.
C. increased pH.
D. none of the above.
Output:
Choose the correct answer.

A

Final Answer: A",Incorrect
index_49,mmlu_clinical_knowledge,Most of the free fatty acids are transported in the blood:,D,vertex-7050478675136872448,B,"Prompt:
Respond ONLY with the single letter (A, B, C, or D). No explanation, just the letter.

Question: Most of the free fatty acids are transported in the blood:

Options:
A. inside the red blood cells.
B. as lipoproteins.
C. combined with glucose.
D. bound to albumin.
Output:
Answer: B",Incorrect
index_50,mmlu_clinical_knowledge,How often should a cannula be flushed?,C,vertex-7050478675136872448,B,"Prompt:
Respond ONLY with the single letter (A, B, C, or D). No explanation, just the letter.

Question: How often should a cannula be flushed?

Options:
A. Every 4 hours.
B. Every 8 hours.
C. Every 12 hours.
D. Every 16 hours.
Output:
Answer: B",Incorrect
index_51,mmlu_clinical_knowledge,The activity of creatine kinase is:,A,vertex-7050478675136872448,A,"Prompt:
Respond ONLY with the single letter (A, B, C, or D). No explanation, just the letter.

Question: The activity of creatine kinase is:

Options:
A. increased when intracellular ADP rises.
B. increased when muscle pH falls below 6.9.
C. always lower in Type II fibres than Type I fibres.
D. increased after a period of endurance training.
Output:
Answer: A",Correct
index_52,mmlu_clinical_knowledge,The smallest increments on a mercury and aneroid sphygmomanometer measure are:,C,vertex-7050478675136872448,C,"Prompt:
Respond ONLY with the single letter (A, B, C, or D). No explanation, just the letter.

Question: The smallest increments on a mercury and aneroid sphygmomanometer measure are:

Options:
A. 10 mmHg.
B. 4 mmHg.
C. 2 mmHg.
D. 1 mmHg.
Output:
Answer: C",Correct
index_53,mmlu_clinical_knowledge,Which of the following is not an abnormal breathing pattern seen in head injury and altered conscious level?,B,vertex-7050478675136872448,B,"Prompt:
Respond ONLY with the single letter (A, B, C, or D). No explanation, just the letter.

Question: Which of the following is not an abnormal breathing pattern seen in head injury and altered conscious level?

Options:
A. Cheyne-Stokes respiration.
B. Anaerobic respiration.
C. Hyperventilation.
D. Ataxic breathing.
Output:
Answer: B",Correct
index_54,mmlu_clinical_knowledge,During CPR chest compressions and ventilations should be delivered in a ratio of:,D,vertex-7050478675136872448,A,"Prompt:
Respond ONLY with the single letter (A, B, C, or D). No explanation, just the letter.

Question: During CPR chest compressions and ventilations should be delivered in a ratio of:

Options:
A. 2:25
B. 15:02
C. 1:05
D. 30:02:00
Output:
Response:

B",Incorrect
index_55,mmlu_clinical_knowledge,A person weighs 62 kg. Their drug dose is 15 mg/kg. How many grams is their dose? Choose one answer from the following:,D,vertex-7050478675136872448,B,"Prompt:
Respond ONLY with the single letter (A, B, C, or D). No explanation, just the letter.

Question: A person weighs 62 kg. Their drug dose is 15 mg/kg. How many grams is their dose? Choose one answer from the following:

Options:
A. 930
B. 93
C. 9.3
D. 0.93
Output:
Answer: B",Incorrect
index_56,mmlu_clinical_knowledge,An expected side effect of creatine supplementation is:,B,vertex-7050478675136872448,B,"Prompt:
Respond ONLY with the single letter (A, B, C, or D). No explanation, just the letter.

Question: An expected side effect of creatine supplementation is:

Options:
A. muscle weakness.
B. gain in body mass.
C. muscle cramps.
D. loss of electrolytes.
Output:
Answer: B",Correct
index_57,mmlu_clinical_knowledge,The cardiac cycle consists of the phases:,C,vertex-7050478675136872448,B,"Prompt:
Respond ONLY with the single letter (A, B, C, or D). No explanation, just the letter.

Question: The cardiac cycle consists of the phases:

Options:
A. systole, diastole, and rest.
B. contraction, relaxation, and rest.
C. diastole and systole.
D. diastole, systole, and contraction.
Output:
Answer: B",Incorrect
index_58,mmlu_clinical_knowledge,Which of the following factors does not influence success in sport?,D,vertex-7050478675136872448,D,"Prompt:
Respond ONLY with the single letter (A, B, C, or D). No explanation, just the letter.

Question: Which of the following factors does not influence success in sport?

Options:
A. Ability to tolerate heavy training without succumbing to illness or injury.
B. Tactics.
C. The diet.
D. Ingestion of carnitine during exercise.
Output:
Answer: D",Correct
index_59,mmlu_clinical_knowledge,The chain of survival has four links. Put the following list in the correct order: 1. Early defibrillation; 2. Early CPR; 3. Recognition and call for help early; 4. Post-resuscitation care.,B,vertex-7050478675136872448,A,"Prompt:
Respond ONLY with the single letter (A, B, C, or D). No explanation, just the letter.

Question: The chain of survival has four links. Put the following list in the correct order: 1. Early defibrillation; 2. Early CPR; 3. Recognition and call for help early; 4. Post-resuscitation care.

Options:
A. 3, 1, 2, 4.
B. 3, 2, 1, 4.
C. 1, 2, 3, 4.
D. 2, 1, 3, 4.
Output:
E. 3, 1, 4, 2.

A",Incorrect
index_60,mmlu_clinical_knowledge,A fundamental cause of fatigue in high intensity exercise is:,C,vertex-7050478675136872448,C,"Prompt:
Respond ONLY with the single letter (A, B, C, or D). No explanation, just the letter.

Question: A fundamental cause of fatigue in high intensity exercise is:

Options:
A. a fall in the cell concentration of ADP.
B. inhibition of ATP production.
C. failure of the ATP supply to match the demand.
D. lack of skill.
Output:
Answer: C",Correct
index_61,mmlu_clinical_knowledge,Which of the following is true about possible rectal findings?,B,vertex-7050478675136872448,A,"Prompt:
Respond ONLY with the single letter (A, B, C, or D). No explanation, just the letter.

Question: Which of the following is true about possible rectal findings?

Options:
A. The finding of a palpable median groove in the prostate is an adverse finding
B. Impacted faeces can sometimes be mistaken for a rectal tumour
C. A thrombosed haemorrhoid is painless
D. Peri-anal warts can only be demonstrated on proctoscopy
Output:
Answer: A",Incorrect
index_62,mmlu_clinical_knowledge,What commonly causes skin excoriation?,C,vertex-7050478675136872448,C,"Prompt:
Respond ONLY with the single letter (A, B, C, or D). No explanation, just the letter.

Question: What commonly causes skin excoriation?

Options:
A. A well-fitting pouch.
B. Changing the pouch every day.
C. Leakage of effluent onto peristomal skin.
D. The use of unscented soap to cleanse the skin.
Output:
Answer: C",Correct
index_63,mmlu_clinical_knowledge,Which of the following is true of Systemic Sclerosis?,D,vertex-7050478675136872448,C,"Prompt:
Respond ONLY with the single letter (A, B, C, or D). No explanation, just the letter.

Question: Which of the following is true of Systemic Sclerosis?

Options:
A. It affects males more than females
B. If telangiectasia are seen this clinches the diagnosis
C. Arachnodactyly is a feature of the disease
D. Patients have a beaked shaped nose and waxy skin
Output:
Answer: C",Incorrect
index_64,mmlu_clinical_knowledge,A palpable left parasternal impulse suggests which abnormality?,A,vertex-7050478675136872448,D,"Prompt:
Respond ONLY with the single letter (A, B, C, or D). No explanation, just the letter.

Question: A palpable left parasternal impulse suggests which abnormality?

Options:
A. Right ventricular hypertrophy
B. Aortic stenosis
C. Aortic regurgitation
D. Left ventricular hypertrophy
Output:
Answer: D",Incorrect
index_65,mmlu_clinical_knowledge,"In hypovolaemic shock, what percentage of blood can be lost before it is reflected in changes in heart rate and blood pressure?",D,vertex-7050478675136872448,A,"Prompt:
Respond ONLY with the single letter (A, B, C, or D). No explanation, just the letter.

Question: In hypovolaemic shock, what percentage of blood can be lost before it is reflected in changes in heart rate and blood pressure?

Options:
A. 5%
B. 10%
C. 20%
D. 30%
Output:
Answer: A",Incorrect
index_66,mmlu_clinical_knowledge,Which of the following best describes the effects of morphine?,B,vertex-7050478675136872448,B,"Prompt:
Respond ONLY with the single letter (A, B, C, or D). No explanation, just the letter.

Question: Which of the following best describes the effects of morphine?

Options:
A. Reduces pain intensity and increases alertness.
B. Reduces pain intensity but also causes sedation.
C. Reduces pain intensity but also causes diarrhoea.
D. Reduces pain intensity but also causes insomnia.
Output:
Answer: B",Correct
index_67,mmlu_clinical_knowledge,Which of the following is true of headache?,D,vertex-7050478675136872448,D,"Prompt:
Respond ONLY with the single letter (A, B, C, or D). No explanation, just the letter.

Question: Which of the following is true of headache?

Options:
A. When associated with neck stiffness is always due to meningitis
B. Severe pain usually indicates a life threatening cause
C. Temporal arteritis is strongly associated with rheumatoid arthritis
D. Tension headaches is a common cause of headache
Output:
Answer: D",Correct
index_68,mmlu_clinical_knowledge,Between contractions of the left ventricle the blood continues to flow through the vessels because:,D,vertex-7050478675136872448,D,"Prompt:
Respond ONLY with the single letter (A, B, C, or D). No explanation, just the letter.

Question: Between contractions of the left ventricle the blood continues to flow through the vessels because:

Options:
A. the atria are contracting.
B. the vessels are contracted.
C. the right ventricle is relaxed.
D. the arteries have elastic recoil.
Output:
Answer: D",Correct
index_69,mmlu_clinical_knowledge,What might make the nurse think a patient could not use an inhaler?,D,vertex-7050478675136872448,A,"Prompt:
Respond ONLY with the single letter (A, B, C, or D). No explanation, just the letter.

Question: What might make the nurse think a patient could not use an inhaler?

Options:
A. Severe leg ulcers.
B. Previous recovery from an acute exacerbation of asthma.
C. Forthcoming surgery.
D. Poor technique, physical impairment, or lack of understanding.
Output:
Response: D",Incorrect
index_70,mmlu_clinical_knowledge,Removal of adhesive strips:,A,vertex-7050478675136872448,A,"Prompt:
Respond ONLY with the single letter (A, B, C, or D). No explanation, just the letter.

Question: Removal of adhesive strips:

Options:
A. can be carried out by the patient.
B. should be undertaken under aseptic conditions.
C. is a specialist skill.
D. should not be undertaken until at least seven days after application.
Output:
Answer: A",Correct
index_71,mmlu_clinical_knowledge,"During CPR, chest compressions should be delivered at a rate of:",C,vertex-7050478675136872448,A,"Prompt:
Respond ONLY with the single letter (A, B, C, or D). No explanation, just the letter.

Question: During CPR, chest compressions should be delivered at a rate of:

Options:
A. 80/minute.
B. as fast as possible.
C. 100/minute.
D. varies with each patient.
Output:
Response: C",Incorrect
index_72,mmlu_clinical_knowledge,Which of the following physiological characteristics is not important for success in endurance events such as the marathon race?,D,vertex-7050478675136872448,D,"Prompt:
Respond ONLY with the single letter (A, B, C, or D). No explanation, just the letter.

Question: Which of the following physiological characteristics is not important for success in endurance events such as the marathon race?

Options:
A. The ability to regulate body temperature.
B. The ability to supply oxygen to the exercising muscles.
C. The availability of body stores of carbohydrate.
D. Muscle ATP and phosphocreatine content.
Output:
Answer: D",Correct
index_73,mmlu_clinical_knowledge,"When using an inhaler, when should a patient be asked to rinse their mouth?",D,vertex-7050478675136872448,B,"Prompt:
Respond ONLY with the single letter (A, B, C, or D). No explanation, just the letter.

Question: When using an inhaler, when should a patient be asked to rinse their mouth?

Options:
A. Before using their bronchodilator inhaler.
B. After using their bronchodilator inhaler.
C. Before using their steroid inhaler.
D. After using their steroid inhaler.
Output:
Answer: B",Incorrect
index_74,mmlu_clinical_knowledge,Muscle lactate production increases when:,D,vertex-7050478675136872448,C,"Prompt:
Respond ONLY with the single letter (A, B, C, or D). No explanation, just the letter.

Question: Muscle lactate production increases when:

Options:
A. oxygen is readily available.
B. pyruvate cannot be formed from glucose breakdown.
C. the pH of the muscle falls.
D. glycolysis is activated at the onset of exercise.
Output:
Answer: C",Incorrect
index_75,mmlu_clinical_knowledge,What is the minimum time a stretch should be held for?,B,vertex-7050478675136872448,B,"Prompt:
Respond ONLY with the single letter (A, B, C, or D). No explanation, just the letter.

Question: What is the minimum time a stretch should be held for?

Options:
A. 0-10 seconds.
B. 10-30 seconds.
C. 30-50 seconds.
D. 60 seconds.
Output:
Answer: B",Correct
index_76,mmlu_clinical_knowledge,What three factors regulate stroke volume?,B,vertex-7050478675136872448,B,"Prompt:
Respond ONLY with the single letter (A, B, C, or D). No explanation, just the letter.

Question: What three factors regulate stroke volume?

Options:
A. Blood volume, preload, and afterload.
B. Preload, contractility, and afterload.
C. Contractility, blood volume, and blood pressure.
D. Cardiac output, contractility, and blood volume.
Output:
Answer: B",Correct
index_77,mmlu_clinical_knowledge,Name the bones of the middle finger in the correct order from the hand.,A,vertex-7050478675136872448,A,"Prompt:
Respond ONLY with the single letter (A, B, C, or D). No explanation, just the letter.

Question: Name the bones of the middle finger in the correct order from the hand.

Options:
A. Proximal phalynx, middle phalynx, distal phalynx.
B. Distal phalynx, middle phalynx, proximal phalynx.
C. Middle phalynx, distal phalynx, proximal phalynx.
D. Distal phalynx, proximal phalynx, middle phalynx.
Output:
Final Answer: A",Correct
index_78,mmlu_clinical_knowledge,Which of the following promotes glucose and amino acid uptake by muscle?,B,vertex-7050478675136872448,B,"Prompt:
Respond ONLY with the single letter (A, B, C, or D). No explanation, just the letter.

Question: Which of the following promotes glucose and amino acid uptake by muscle?

Options:
A. Adrenaline
B. Insulin
C. Glycogen
D. Cortisol
Output:
Answer: B",Correct
index_79,mmlu_clinical_knowledge,An ileostomy opening should be:,B,vertex-7050478675136872448,C,"Prompt:
Respond ONLY with the single letter (A, B, C, or D). No explanation, just the letter.

Question: An ileostomy opening should be:

Options:
A. flush with the skin.
B. 3-5cm in length.
C. below skin level.
D. over 5cm in length.
Output:
Answer: C",Incorrect
index_80,mmlu_clinical_knowledge,Which of the following would not be done before catheterizing?,D,vertex-7050478675136872448,C,"Prompt:
Respond ONLY with the single letter (A, B, C, or D). No explanation, just the letter.

Question: Which of the following would not be done before catheterizing?

Options:
A. Gain patient consent.
B. Patient to be washed.
C. Expiry dates to be checked.
D. Ring patient's next of kin.
Output:
Answer: C",Incorrect
index_81,mmlu_clinical_knowledge,Hydrogen ions are formed when:,D,vertex-7050478675136872448,C,"Prompt:
Respond ONLY with the single letter (A, B, C, or D). No explanation, just the letter.

Question: Hydrogen ions are formed when:

Options:
A. glycogen becomes depleted.
B. phosphocreatine breakdown occurs.
C. pyruvate is converted to lactate.
D. glycolysis is being used as a major means of resynthesising ATP.
Output:
Answer: C",Incorrect
index_82,mmlu_clinical_knowledge,Which one of the following manoeuvres is not a central painful stimulus?,B,vertex-7050478675136872448,B,"Prompt:
Respond ONLY with the single letter (A, B, C, or D). No explanation, just the letter.

Question: Which one of the following manoeuvres is not a central painful stimulus?

Options:
A. Supra-orbital ridge pressure.
B. Pressure on the little finger pulp.
C. Trapezius squeeze.
D. Sternal rub.
Output:
Answer: B",Correct
index_83,mmlu_clinical_knowledge,"Dopamine is prescribed at a rate of 4 micrograms/kg/min. For a 65 kg person, how many milligrams will they receive in an hour?",B,vertex-7050478675136872448,B,"Prompt:
Respond ONLY with the single letter (A, B, C, or D). No explanation, just the letter.

Question: Dopamine is prescribed at a rate of 4 micrograms/kg/min. For a 65 kg person, how many milligrams will they receive in an hour?

Options:
A. 156
B. 15.6
C. 1.56
D. 15600
Output:
Answer: B",Correct
index_84,mmlu_clinical_knowledge,Which of the following is true about the rectal examination?,D,vertex-7050478675136872448,D,"Prompt:
Respond ONLY with the single letter (A, B, C, or D). No explanation, just the letter.

Question: Which of the following is true about the rectal examination?

Options:
A. If the patient refuses a chaperone the doctor can overrule them
B. The rectal examination is of no value in a neurological examination
C. The optimum position of the patient is on their right side with their knees extended
D. The rectal examination is indicated for the assessment of some gastrointestinal disorders
Output:
Answer: D",Correct
index_85,mmlu_clinical_knowledge,Why can't a patient talk if the cuff is inflated?,D,vertex-7050478675136872448,B,"Prompt:
Respond ONLY with the single letter (A, B, C, or D). No explanation, just the letter.

Question: Why can't a patient talk if the cuff is inflated?

Options:
A. They are unable to breathe in sufficiently.
B. They are unable to swallow properly.
C. It is too tiring.
D. They are unable to pass air through their vocal cords.
Output:
Answer: B",Incorrect
index_86,mmlu_clinical_knowledge,Wound drainage should be assessed for volume and consistency:,A,vertex-7050478675136872448,A,"Prompt:
Respond ONLY with the single letter (A, B, C, or D). No explanation, just the letter.

Question: Wound drainage should be assessed for volume and consistency:

Options:
A. each time post-operative observations are undertaken.
B. daily.
C. every hour.
D. only when the wound dressing is changed.
Output:
ANSWER: A",Correct
index_87,mmlu_clinical_knowledge,Creatine is synthesized from:,B,vertex-7050478675136872448,A,"Prompt:
Respond ONLY with the single letter (A, B, C, or D). No explanation, just the letter.

Question: Creatine is synthesized from:

Options:
A. amino acids in the muscles.
B. amino acids in the liver.
C. amino acids in the kidneys.
D. creatinine in the kidneys.
Output:
Answer: A",Incorrect
index_88,mmlu_clinical_knowledge,"If a catheter resists all attempts to unblock it and you are unable to remove it, what should you do?",D,vertex-7050478675136872448,D,"Prompt:
Respond ONLY with the single letter (A, B, C, or D). No explanation, just the letter.

Question: If a catheter resists all attempts to unblock it and you are unable to remove it, what should you do?

Options:
A. Try harder to remove it.
B. Try harder to unblock it.
C. Leave it until next time.
D. Call for assistance from a medical practitioner.
Output:
Answer: D",Correct
index_89,mmlu_clinical_knowledge,Bladder washout solution should be:,D,vertex-7050478675136872448,A,"Prompt:
Respond ONLY with the single letter (A, B, C, or D). No explanation, just the letter.

Question: Bladder washout solution should be:

Options:
A. warm.
B. cold.
C. refrigerated.
D. room temperature.
Output:
Answer: A",Incorrect
index_90,mmlu_clinical_knowledge,"When developing a plan of care relating to the management of a person's pain, attention should be given to the following needs:",C,vertex-7050478675136872448,C,"Prompt:
Respond ONLY with the single letter (A, B, C, or D). No explanation, just the letter.

Question: When developing a plan of care relating to the management of a person's pain, attention should be given to the following needs:

Options:
A. physical and pharmacological needs only.
B. physical and psychological needs only.
C. physical, psychological, and pharmacological needs followed by regular reassessment.
D. none of the above, as the main priority is to limit drug side effects.
Output:
Answer: C",Correct
index_91,mmlu_clinical_knowledge,Patients with the apolipoprotein E gene are at risk of which disease?,C,vertex-7050478675136872448,C,"Prompt:
Respond ONLY with the single letter (A, B, C, or D). No explanation, just the letter.

Question: Patients with the apolipoprotein E gene are at risk of which disease?

Options:
A. Cystic fibrosis.
B. Huntington's dementia.
C. Alzheimer's disease.
D. Depression.
Output:
Answer: C",Correct
index_92,mmlu_clinical_knowledge,Which of the following groups of drugs may cause a dry mouth?,C,vertex-7050478675136872448,C,"Prompt:
Respond ONLY with the single letter (A, B, C, or D). No explanation, just the letter.

Question: Which of the following groups of drugs may cause a dry mouth?

Options:
A. Steroids.
B. Analgesics.
C. Antidepressants.
D. Antifungal agents.
Output:
Answer: C",Correct
index_93,mmlu_clinical_knowledge,Which of the following is not a true statement?,D,vertex-7050478675136872448,D,"Prompt:
Respond ONLY with the single letter (A, B, C, or D). No explanation, just the letter.

Question: Which of the following is not a true statement?

Options:
A. Muscle glycogen is broken down enzymatically to glucose-1-phosphate
B. Elite endurance runners have a high proportion of Type I fibres in their leg muscles
C. Liver glycogen is important in the maintenance of the blood glucose concentration
D. Insulin promotes glucose uptake by all tissues in the body
Output:
Answer: D",Correct
index_94,mmlu_clinical_knowledge,"If a patient is cyanosed, what might their oxygen saturation level be?",C,vertex-7050478675136872448,C,"Prompt:
Respond ONLY with the single letter (A, B, C, or D). No explanation, just the letter.

Question: If a patient is cyanosed, what might their oxygen saturation level be?

Options:
A. 98% or above.
B. 94% or above.
C. 80% or below.
D. 85% or above.
Output:
Answer: C",Correct
index_95,mmlu_clinical_knowledge,When assessing a patient's breathing:,C,vertex-7050478675136872448,C,"Prompt:
Respond ONLY with the single letter (A, B, C, or D). No explanation, just the letter.

Question: When assessing a patient's breathing:

Options:
A. always remove dentures.
B. look for chest movements and use a mirror to check for exhaled air.
C. look for chest movements, listen for breath sounds, and feel for exhaled air on your cheek.
D. assess for 30 seconds.
Output:
Answer: C",Correct
index_96,mmlu_clinical_knowledge,A person is prescribed Ropinirole 1.5 mg divided into three doses. How many micrograms is each dose? Choose one answer from the following:,D,vertex-7050478675136872448,C,"Prompt:
Respond ONLY with the single letter (A, B, C, or D). No explanation, just the letter.

Question: A person is prescribed Ropinirole 1.5 mg divided into three doses. How many micrograms is each dose? Choose one answer from the following:

Options:
A. 5
B. 50
C. 0.5
D. 500
Output:
Answer: C",Incorrect
index_97,mmlu_clinical_knowledge,Which of the following is thought to be implicated in the development of peripheral muscle fatigue during multiple sprint activities?,A,vertex-7050478675136872448,A,"Prompt:
Respond ONLY with the single letter (A, B, C, or D). No explanation, just the letter.

Question: Which of the following is thought to be implicated in the development of peripheral muscle fatigue during multiple sprint activities?

Options:
A. An accumulation of inorganic phosphate.
B. Development of hyperosmolality in the muscles.
C. An excess of antioxidants.
D. A lack of potassium.
Output:
Question: Which of the following is the best course of action to implement for a",Correct
index_98,mmlu_clinical_knowledge,The ATP store in muscle can only supply energy in high intensity exercise for about:,B,vertex-7050478675136872448,C,"Prompt:
Respond ONLY with the single letter (A, B, C, or D). No explanation, just the letter.

Question: The ATP store in muscle can only supply energy in high intensity exercise for about:

Options:
A. 2 milliseconds.
B. 2 seconds.
C. 10 seconds.
D. 20 seconds.
Output:
Answer: C",Incorrect
index_99,mmlu_clinical_knowledge,960 mg of the antibacterial drug Cotrimoxazole is prescribed every 12 hours. What is the daily dose in grams? Choose one answer from the following:,B,vertex-7050478675136872448,B,"Prompt:
Respond ONLY with the single letter (A, B, C, or D). No explanation, just the letter.

Question: 960 mg of the antibacterial drug Cotrimoxazole is prescribed every 12 hours. What is the daily dose in grams? Choose one answer from the following:

Options:
A. 0.192
B. 1.92
C. 1920
D. 0.96
Output:
Answer: B",Correct
